{
  "Alimentacao": {
    "Bruna": 3642.799487723,
    "Diego": 7297.0044673086,
    "Alyssia": 3257.7990310766,
    "Lucia": 7003.9381059987,
    "Paulo": 5120.1694992465
  },
  "Assinatura_e_servicos": {
    "Bruna": 7821.4890904694,
    "Diego": 8774.2168277734,
    "Alyssia": 6657.5973705928,
    "Lucia": 3448.3025076394,
    "Paulo": 6176.6958110824
  },
  "Beleza": {
    "Bruna": 5655.7596381629,
    "Diego": 8132.6047429215,
    "Alyssia": 2533.5741219856,
    "Lucia": 2826.3385225336,
    "Paulo": 7846.0982701981
  },
  "Classe": {
    "Bruna": "A",
    "Diego": "B",
    "Alyssia": "C",
    "Lucia": "D",
    "Paulo": "E"
  },
  "Educacao": {
    "Bruna": 4601.9508632228,
    "Diego": 6344.1759749971,
    "Alyssia": 2186.4619771535,
    "Lucia": 6317.4175908238,
    "Paulo": 2952.3672838227
  },
  "Estado_Civil": {
    "Bruna": "solteiro",
    "Diego": "relacionamento",
    "Alyssia": "solteiro",
    "Lucia": "relacionamento",
    "Paulo": "solteiro"
  },
  "Filhos": {
    "Bruna": 4,
    "Diego": 3,
    "Alyssia": 2,
    "Lucia": 1,
    "Paulo": 0
  },
  "Idade": {
    "Bruna": 30,
    "Diego": 20,
    "Alyssia": 22,
    "Lucia": 13,
    "Paulo": 21
  },
  "Outros": {
    "Bruna": 2444.0542706297,
    "Diego": 5040.7666506732,
    "Alyssia": 2125.097731655,
    "Lucia": 6942.549416927,
    "Paulo": 5272.4166139912
  },
  "Regiao": {
    "Bruna": "metropolitana",
    "Diego": "metropolitana",
    "Alyssia": "metropolitana",
    "Lucia": "interior",
    "Paulo": "interior"
  },
  "Saques": {
    "Bruna": 721.1595238511,
    "Diego": 9704.0221126209,
    "Alyssia": 4481.5886267578,
    "Lucia": 7270.9604606579,
    "Paulo": 1710.9306837525
  },
  "SaudeTransporte": {
    "Bruna": 8166.5863713742,
    "Diego": 5331.2792629581,
    "Alyssia": 4449.1846847929,
    "Lucia": 5800.6853968234,
    "Paulo": 6134.713017375
  },
  "Sexo": {
    "Bruna": "feminino",
    "Diego": "masculino",
    "Alyssia": "feminino",
    "Lucia": "feminino",
    "Paulo": "masculino"
  }
}